<?xml version="1.0" encoding="utf-8"?>
<permissions>
    <privapp-permissions package="com.android.hotwordenrollment.okgoogle">
        <permission name="android.permission.MANAGE_VOICE_KEYPHRASES"/>
    </privapp-permissions>

    <privapp-permissions package="com.android.hotwordenrollment.xgoogle">
        <permission name="android.permission.MANAGE_VOICE_KEYPHRASES"/>
    </privapp-permissions>

    <!-- Additional permissions on top of privapp-permissions-platform.xml -->
    <privapp-permissions package="com.android.phone">
        <permission name="android.permission.FORCE_STOP_PACKAGES"/>
        <permission name="android.permission.OVERRIDE_WIFI_CONFIG"/>
        <permission name="android.permission.RECEIVE_STK_COMMANDS"/>
    </privapp-permissions>

    <!-- Additional permissions on top of privapp-permissions-platform.xml -->
    <privapp-permissions package="com.gsma.rcs">
        <permission name="android.permission.ACCESS_UCE_OPTIONS_SERVICE"/>
        <permission name="android.permission.ACCESS_UCE_PRESENCE_SERVICE"/>
    </privapp-permissions>

    <privapp-permissions package="com.oneplus.aod">
        <permission name="android.permission.INTERACT_ACROSS_USERS"/>
        <permission name="android.permission.MANAGE_USERS"/>
    </privapp-permissions>

    <privapp-permissions package="com.oneplus.camera">
        <permission name="android.permission.INTERACT_ACROSS_USERS"/>
        <permission name="android.permission.WRITE_MEDIA_STORAGE"/>
        <permission name="android.permission.READ_LOGS"/>
        <permission name="android.permission.CHANGE_CONFIGURATION"/>
        <permission name="android.permission.MOUNT_UNMOUNT_FILESYSTEMS"/>
    </privapp-permissions>

    <privapp-permissions package="com.oneplus.gallery">
        <permission name="android.permission.WRITE_MEDIA_STORAGE"/>
    </privapp-permissions>

    <privapp-permissions package="com.redteamobile.virtual.softsim">
        <permission name="android.permission.MODIFY_PHONE_STATE"/>
        <permission name="android.permission.READ_NETWORK_USAGE_HISTORY"/>
        <permission name="android.permission.READ_PRIVILEGED_PHONE_STATE"/>
        <permission name="android.permission.REAL_GET_TASKS"/>
        <permission name="android.permission.WRITE_APN_SETTINGS"/>
        <permission name="android.permission.WRITE_SECURE_SETTINGS"/>
    </privapp-permissions>

    <privapp-permissions package="net.oneplus.odm">
        <permission name="android.permission.READ_LOGS"/>
        <permission name="android.permission.READ_PRIVILEGED_PHONE_STATE"/>
    </privapp-permissions>

    <privapp-permissions package="se.dirac.acs">
        <permission name="android.permission.INTERACT_ACROSS_USERS"/>
    </privapp-permissions>

</permissions>

